load_kw,pv_kw,battery_net_injection_kw,battery_soc_kWh,timestamp,converged,voltage_violation,line_overload,transformer_overload,feasible,minimum_voltage_pu,maximum_voltage_pu,maximum_current_a,line_normal_rating_a,line_loading_percent,transformer_apparent_power_kva,transformer_loading_percent,transformer_real_loss_kw,feeder_input_real_power_kw,pcc_grid_net_import_kw,pcc_grid_import_kw,pcc_grid_export_kw,reverse_power_flow,feeder_real_loss_kw,scheduled_grid_import_kw,receiving_end_real_power_kw,grid_import_error_kw
15.0,0.0,0.0,10.000000004251309,2026-08-25 00:00:00-07:00,True,False,False,False,True,0.999200400048337,0.9992004001460235,19.008793166546955,800.0,2.3760991458183693,15.803742605272472,2.107165680702996,0.0033301055014480882,15.003604596058551,15.006934701564928,15.006934701564928,0.0,False,0.00216800656884061,15.000000038255328,15.00143658948971,0.001436551234382577
15.0,0.0,0.0,10.000000001640911,2026-08-25 00:15:00-07:00,True,False,False,False,True,0.9992004769508822,0.9992004770485688,19.006970607809897,800.0,2.375871325976237,15.80222737110368,2.1069636494804906,0.003329466957371551,15.002167594547752,15.005497061506855,15.005497061506855,0.0,False,0.002167590851582645,15.000000007362106,15.000000003696169,-3.6659368873870335e-09
15.0,0.0,0.0,10.000000010242344,2026-08-25 00:30:00-07:00,True,False,False,False,True,0.99920047695108,0.9992004770487664,19.00697060312497,800.0,2.375871325390621,15.802227367211108,2.106963648961481,0.0033294669556717055,15.002167590856422,15.005497057813695,15.005497057813695,0.0,False,0.0021675908519109724,15.000000058162762,15.00000000000451,-5.815825154797949e-08
15.0,0.0,0.0,10.00000002128407,2026-08-25 00:45:00-07:00,True,False,False,False,True,0.99920047695108,0.9992004770487664,19.00697060312497,800.0,2.375871325390621,15.802227367211108,2.106963648961481,0.0033294669556717055,15.002167590856422,15.005497057813695,15.005497057813695,0.0,False,0.0021675908519109724,15.000000069222589,15.00000000000451,-6.921807838011773e-08
15.0,0.0,0.0,10.00000002448554,2026-08-25 01:00:00-07:00,True,False,False,False,True,0.99920047695108,0.9992004770487664,19.00697060312497,800.0,2.375871325390621,15.802227367211108,2.106963648961481,0.0033294669556717055,15.002167590856422,15.005497057813695,15.005497057813695,0.0,False,0.0021675908519109724,15.000000033441491,15.00000000000451,-3.3436981183854186e-08
15.0,0.0,0.0,10.000000032716336,2026-08-25 01:15:00-07:00,True,False,False,False,True,0.99920047695108,0.9992004770487664,19.00697060312497,800.0,2.375871325390621,15.802227367211108,2.106963648961481,0.0033294669556717055,15.002167590856422,15.005497057813695,15.005497057813695,0.0,False,0.0021675908519109724,15.00000005647486,15.00000000000451,-5.6470350173754014e-08
15.0,0.0,0.0,10.000000045885931,2026-08-25 01:30:00-07:00,True,False,False,False,True,0.99920047695108,0.9992004770487664,19.00697060312497,800.0,2.375871325390621,15.802227367211108,2.106963648961481,0.0033294669556717055,15.002167590856422,15.005497057813695,15.005497057813695,0.0,False,0.0021675908519109724,15.00000007878904,15.00000000000451,-7.878452912279954e-08
15.0,0.0,0.0,10.000000064253271,2026-08-25 01:45:00-07:00,True,False,False,False,True,0.99920047695108,0.9992004770487664,19.00697060312497,800.0,2.375871325390621,15.802227367211108,2.106963648961481,0.0033294669556717055,15.002167590856422,15.005497057813695,15.005497057813695,0.0,False,0.0021675908519109724,15.000000101885684,15.00000000000451,-1.0188117371967564e-07
15.0,0.0,0.0,10.00000007515094,2026-08-25 02:00:00-07:00,True,False,False,False,True,0.99920047695108,0.9992004770487664,19.00697060312497,800.0,2.375871325390621,15.802227367211108,2.106963648961481,0.0033294669556717055,15.002167590856422,15.005497057813695,15.005497057813695,0.0,False,0.0021675908519109724,15.000000068572378,15.00000000000451,-6.856786782805102e-08
15.0,0.0,0.0,10.000000092486143,2026-08-25 02:15:00-07:00,True,False,False,False,True,0.99920047695108,0.9992004770487664,19.00697060312497,800.0,2.375871325390621,15.802227367211108,2.106963648961481,0.0033294669556717055,15.002167590856422,15.005497057813695,15.005497057813695,0.0,False,0.0021675908519109724,15.00000009732651,15.00000000000451,-9.732199934830987e-08
15.0,0.0,0.0,10.000000112350602,2026-08-25 02:30:00-07:00,True,False,False,False,True,0.99920047695108,0.9992004770487664,19.00697060312497,800.0,2.375871325390621,15.802227367211108,2.106963648961481,0.0033294669556717055,15.002167590856422,15.005497057813695,15.005497057813695,0.0,False,0.0021675908519109724,15.000000108478217,15.00000000000451,-1.0847370646160925e-07
15.0,0.0,0.0,10.000000143064195,2026-08-25 02:45:00-07:00,True,False,False,False,True,0.99920047695108,0.9992004770487664,19.00697060312497,800.0,2.375871325390621,15.802227367211108,2.106963648961481,0.0033294669556717055,15.002167590856422,15.005497057813695,15.005497057813695,0.0,False,0.0021675908519109724,15.000000155705392,15.00000000000451,-1.5570088152117023e-07
15.0,0.0,0.0,10.00000015158876,2026-08-25 03:00:00-07:00,True,False,False,False,True,0.99920047695108,0.9992004770487664,19.00697060312497,800.0,2.375871325390621,15.802227367211108,2.106963648961481,0.0033294669556717055,15.002167590856422,15.005497057813695,15.005497057813695,0.0,False,0.0021675908519109724,15.000000057812938,15.00000000000451,-5.780842826652588e-08
15.0,0.0,0.0,10.000000160540145,2026-08-25 03:15:00-07:00,True,False,False,False,True,0.99920047695108,0.9992004770487664,19.00697060312497,800.0,2.375871325390621,15.802227367211108,2.106963648961481,0.0033294669556717055,15.002167590856422,15.005497057813695,15.005497057813695,0.0,False,0.0021675908519109724,15.000000059754663,15.00000000000451,-5.975015326953326e-08
15.0,0.0,0.0,10.0000001697289,2026-08-25 03:30:00-07:00,True,False,False,False,True,0.99920047695108,0.9992004770487664,19.00697060312497,800.0,2.375871325390621,15.802227367211108,2.106963648961481,0.0033294669556717055,15.002167590856422,15.005497057813695,15.005497057813695,0.0,False,0.0021675908519109724,15.00000006083331,15.00000000000451,-6.082879977498123e-08
15.0,0.0,0.0,10.000000178834297,2026-08-25 03:45:00-07:00,True,False,False,False,True,0.99920047695108,0.9992004770487664,19.00697060312497,800.0,2.375871325390621,15.802227367211108,2.106963648961481,0.0033294669556717055,15.002167590856422,15.005497057813695,15.005497057813695,0.0,False,0.0021675908519109724,15.000000060454605,15.00000000000451,-6.045009470767582e-08
15.0,0.0,0.0,10.000000192947187,2026-08-25 04:00:00-07:00,True,False,False,False,True,0.99920047695108,0.9992004770487664,19.00697060312497,800.0,2.375871325390621,15.802227367211108,2.106963648961481,0.0033294669556717055,15.002167590856422,15.005497057813695,15.005497057813695,0.0,False,0.0021675908519109724,15.000000083007798,15.00000000000451,-8.300328779853317e-08
15.0,0.0,0.0,10.000000206266265,2026-08-25 04:15:00-07:00,True,False,False,False,True,0.99920047695108,0.9992004770487664,19.00697060312497,800.0,2.375871325390621,15.802227367211108,2.106963648961481,0.0033294669556717055,15.002167590856422,15.005497057813695,15.005497057813695,0.0,False,0.0021675908519109724,15.000000079458504,15.00000000000451,-7.945399360664851e-08
15.0,0.0,0.0,10.000000217273945,2026-08-25 04:30:00-07:00,True,False,False,False,True,0.99920047695108,0.9992004770487664,19.00697060312497,800.0,2.375871325390621,15.802227367211108,2.106963648961481,0.0033294669556717055,15.002167590856422,15.005497057813695,15.005497057813695,0.0,False,0.0021675908519109724,15.000000069069024,15.00000000000451,-6.906451410770842e-08
15.0,0.0,0.0,10.000000228831755,2026-08-25 04:45:00-07:00,True,False,False,False,True,0.99920047695108,0.9992004770487664,19.00697060312497,800.0,2.375871325390621,15.802227367211108,2.106963648961481,0.0033294669556717055,15.002167590856422,15.005497057813695,15.005497057813695,0.0,False,0.0021675908519109724,15.000000071549437,15.00000000000451,-7.154492642769128e-08
15.0,0.0,0.0,10.00000023988284,2026-08-25 05:00:00-07:00,True,False,False,False,True,0.99920047695108,0.9992004770487664,19.00697060312497,800.0,2.375871325390621,15.802227367211108,2.106963648961481,0.0033294669556717055,15.002167590856422,15.005497057813695,15.005497057813695,0.0,False,0.0021675908519109724,15.000000069264903,15.00000000000451,-6.926039297638908e-08
15.0,0.0,0.0,10.000000249430716,2026-08-25 05:15:00-07:00,True,False,False,False,True,0.99920047695108,0.9992004770487664,19.00697060312497,800.0,2.375871325390621,15.802227367211108,2.106963648961481,0.0033294669556717055,15.002167590856422,15.005497057813695,15.005497057813695,0.0,False,0.0021675908519109724,15.000000062463556,15.00000000000451,-6.24590459352703e-08
15.0,0.0,0.0,10.000000257078067,2026-08-25 05:30:00-07:00,True,False,False,False,True,0.99920047695108,0.9992004770487664,19.00697060312497,800.0,2.375871325390621,15.802227367211108,2.106963648961481,0.0033294669556717055,15.002167590856422,15.005497057813695,15.005497057813695,0.0,False,0.0021675908519109724,15.000000053813864,15.00000000000451,-5.380935341747772e-08
15.0,0.0,0.0,10.00000026014257,2026-08-25 05:45:00-07:00,True,False,False,False,True,0.99920047695108,0.9992004770487664,19.00697060312497,800.0,2.375871325390621,15.802227367211108,2.106963648961481,0.0033294669556717055,15.002167590856422,15.005497057813695,15.005497057813695,0.0,False,0.0021675908519109724,15.00000003281437,15.00000000000451,-3.2809859717986e-08
25.0,0.0,0.0,10.000000277041147,2026-08-25 06:00:00-07:00,True,False,False,False,True,0.9986658151413371,0.9986658152390991,31.69516113623526,800.0,3.9618951420294075,26.350872009344734,3.5134496012459646,0.009258321426179463,25.005956246082413,25.015214567510164,25.015214567510164,0.0,False,0.006027501545268024,25.000000095394057,24.999928744537144,-7.135085691345466e-05
25.0,1.962093876904292,0.0,10.000000292763366,2026-08-25 06:15:00-07:00,True,False,False,False,True,0.9987097454212006,0.9987097455189534,29.458178774881183,800.0,3.682272346860148,24.491113597109695,3.2654818129479595,0.00799758235461104,23.04311808375791,23.05111566611004,23.05111566611004,0.0,False,0.005206707887080483,23.037906213271675,23.03791137587083,5.162599155283942e-06
25.0,3.915785766601547,0.0,10.000000311642433,2026-08-25 06:30:00-07:00,True,False,False,False,True,0.9987534535394108,0.9987534536371547,27.252240955653463,800.0,3.406530119456683,22.65716620374861,3.020955493833148,0.006844663876328014,21.088674960270865,21.095519624149027,21.095519624149027,0.0,False,0.0044561099299726264,21.084214337540157,21.084218850340893,4.5128007357675415e-06
25.0,5.852709660483847,0.0,10.00000033728532,2026-08-25 06:45:00-07:00,True,False,False,False,True,0.9987967489321933,0.9987967490299321,25.092013711938975,800.0,3.136501713992372,20.861223235339622,2.7814964313786166,0.005802560192929377,19.151072002057756,19.1568745622558,19.1568745622558,0.0,False,0.0037776570183968945,19.147290473249036,19.14729434503936,3.871790323017876e-06
25.0,7.764571353075622,0.0,10.000000341450482,2026-08-25 07:00:00-07:00,True,False,False,False,True,0.9988394474264706,0.9988394475242007,22.993184813870503,800.0,2.874148101733813,19.116327617689752,2.5488436823586333,0.004872457460754049,17.238604195126968,17.24347665259131,17.24347665259131,0.0,False,0.0031721213929895384,17.235428684784544,17.23543207373398,3.3889494339689463e-06
25.0,9.643183959094848,0.0,10.000000362750756,2026-08-25 07:15:00-07:00,True,False,False,False,True,0.9988813678591497,0.9988813679568723,20.972866889351486,800.0,2.621608361168936,17.436706926780314,2.3248942569040416,0.00405384254204273,15.359458096925714,15.363511939471886,15.363511939471886,0.0,False,0.00263916897954914,15.356816155685026,15.356818927946165,2.7722611388725227e-06
25.0,11.480502970952694,0.0,10.00000041709949,2026-08-25 07:30:00-07:00,True,False,False,False,True,0.9989223328239252,0.9989223329216405,19.049974145790376,800.0,2.381246768223797,15.838086546093562,2.111744872812475,0.003344582576349239,13.521676831126523,13.525021413703517,13.525021413703517,0.0,False,0.002177411198790651,13.519497285957613,13.519499419927733,2.133970120610229e-06
25.0,13.268660706570037,0.0,10.000000606175885,2026-08-25 07:45:00-07:00,True,False,False,False,True,0.9989621693947601,0.9989621694924667,17.245636332798018,800.0,2.155704541599752,14.338033737767164,1.9117378317022884,0.00274103094736256,11.733125708852647,11.735866739801828,11.735866739801828,0.0,False,0.0017844739406523331,11.731340119678368,11.731341234911994,1.115233626336476e-06
25.0,14.999999999999998,0.0,10.000000643853973,2026-08-25 08:00:00-07:00,True,False,False,False,True,0.9990007098236031,0.999000709921303,15.583539817966722,800.0,1.9479424772458402,12.956241038426299,1.7274988051235067,0.002238157510997098,10.00145862295878,10.003696780464091,10.003696780464091,0.0,False,0.0014570823882932018,10.00000018568841,10.000001540570485,1.3548820749775814e-06
25.0,16.667106990588067,0.0,10.00000082621157,2026-08-25 08:15:00-07:00,True,False,False,False,True,0.9990377922100538,0.999037792307747,14.089936202215743,800.0,1.7612420252769676,11.714533144476036,1.5619377525968048,0.0018297005973972773,8.334085357894883,8.335915058490178,8.335915058490178,0.0,False,0.0011911599215577552,8.332893807337037,8.332894197973326,3.906362895378379e-07
25.0,18.26284287026162,-1.368162451191676e-06,10.000001146878024,2026-08-25 08:30:00-07:00,True,False,False,False,True,0.9990732612661053,0.9990732613637916,12.792817782093142,800.0,1.5991022227616427,10.636181026541577,1.4181574702055435,0.0015083376101360955,6.738140410446235,6.739648748052307,6.739648748052307,0.0,False,0.0009819392298654748,6.737158510432763,6.737158471216369,-3.921639368797969e-08
25.0,19.780374453002064,-1.7731287740628596e-06,10.00000156373516,2026-08-25 08:45:00-07:00,True,False,False,False,True,0.9991069683981296,0.9991069684958119,11.719515559722964,800.0,1.4649394449653705,9.743904602041695,1.299187280272226,0.0012658725560968378,5.22045134673378,5.221717219293662,5.221717219293662,0.0,False,0.0008240843773642155,5.219627332830069,5.219627262356416,-7.047365357948365e-08
25.0,21.213203435596423,0.0,10.000001629670608,2026-08-25 09:00:00-07:00,True,False,False,False,True,0.9991387730326728,0.9991387731303509,10.892023173565848,800.0,1.361502896695731,9.055985133138494,1.2074646844184658,0.0010934331183416362,3.7875087975177477,3.7886022306398006,3.7886022306398006,0.0,False,0.0007118191182521514,3.78679687056174,3.7867969783994955,1.0783775561407083e-07
25.0,22.555194224369323,-1.1001143591600483e-06,10.00000188666372,2026-08-25 09:15:00-07:00,True,False,False,False,True,0.9991685429888963,0.9991685430865715,10.32037012647122,800.0,1.2900462658089025,8.580756626862888,1.1441008835817184,0.0009816787096884809,2.4454458676908963,2.4464275464070546,2.4464275464070546,0.0,False,0.0006390623436126361,2.444806888095716,2.444806805347284,-8.274843210642757e-08
25.0,23.800600208737055,-1.09059517235437e-06,10.000002141396088,2026-08-25 09:30:00-07:00,True,False,False,False,True,0.9991961542546056,0.9991961543522776,9.996371428184442,800.0,1.2495464285230553,8.311410969609907,1.108188129281321,0.0009210134876191774,1.2000003880596426,1.2009214015498548,1.2009214015498548,0.0,False,0.0005995667560983975,1.1994008942090777,1.1994008213035443,-7.290553338812344e-08
25.0,24.94408836907635,-4.9999974149529445,11.187501523295836,2026-08-25 09:45:00-07:00,True,False,False,False,True,0.999110603749249,0.9991106038469305,11.6149801459357,800.0,1.4518725182419625,9.657000826324596,1.2876001101766128,0.0012433921397077938,5.056716958881502,5.057960351032332,5.057960351032332,0.0,False,0.0008094486872994366,5.05590906035474,5.055907510194203,-1.5501605368228866e-06
25.0,25.980762113533157,-0.98076305698766,11.42043274512428,2026-08-25 10:00:00-07:00,True,False,False,False,True,0.9992227309629513,0.9992227310606204,9.891290931694027,800.0,1.2364113664617533,8.224056805076668,1.0965409073435557,0.000901753840127369,0.0005879814337932746,0.0014897352804306252,0.0014897352804306252,0.0,False,0.0005870279247439412,0.0,9.535090493334366e-07,9.535090493334366e-07
25.0,26.906182245980652,-1.9061862059293977,11.87315196482724,2026-08-25 10:15:00-07:00,True,False,False,False,True,0.9992227308838787,0.9992227309815488,9.89129109108823,800.0,1.2364113863860287,8.224056937576307,1.0965409250101743,0.0009017538698067019,0.0005909878925439004,0.0014927417616291162,0.0014927417616291162,0.0,False,0.0005870279439552527,3.973540358548593e-06,3.959948588647729e-06,-1.3591769900863866e-08
25.0,27.716385975338603,-4.308795424334523,12.8964908739019,2026-08-25 10:30:00-07:00,True,False,False,False,True,0.9991874427786708,0.9991874428763445,10.075670971651869,800.0,1.2594588714564836,8.37733383848509,1.1169778451313452,0.0009356826300106605,1.5930183802652491,1.5939540628983904,1.5939540628983904,0.0,False,0.000609116979962323,1.592409462597711,1.5924092632852869,-1.9931242412063455e-07
25.0,28.40790388485317,-3.4079052700034613,13.705868371323303,2026-08-25 10:45:00-07:00,True,False,False,False,True,0.9992227308875298,0.9992227309851995,9.891291754963559,800.0,1.2364114693704449,8.224057489527757,1.096540998603701,0.0009017539898471044,0.0005884662207347611,0.0014902202123858554,0.0014902202123858554,0.0,False,0.0005870280210869955,1.3987608997073494e-06,1.4381996477656409e-06,3.943874805829148e-08
25.0,28.97777478867205,-3.9777752687666457,14.650589993451597,2026-08-25 11:00:00-07:00,True,False,False,False,True,0.999222730960966,0.9992227310586361,9.891291090303353,800.0,1.2364113862879191,8.224056936946353,1.0965409249261804,0.0009017538701002301,0.0005875080380506067,0.001489261908552871,0.001489261908552871,0.0,False,0.0005870279459864797,0.0,4.800920641269066e-07,4.800920641269066e-07
25.0,29.423558412096913,-4.423559355500178,15.70118533618044,2026-08-25 11:15:00-07:00,True,False,False,False,True,0.9992227309507035,0.9992227310483732,9.891291090418786,800.0,1.2364113863023483,8.2240569370211,1.0965409249361466,0.0009017538705199889,0.0005879713490756326,0.0014897252182178695,0.0014897252182178695,0.0,False,0.0005870279420312742,0.0,9.434070443583914e-07,9.434070443583914e-07
25.0,29.74334584121431,-4.74334675921306,16.82773018729488,2026-08-25 11:30:00-07:00,True,False,False,False,True,0.9992227309512653,0.9992227310489358,9.891291090398047,800.0,1.2364113862997559,8.22405693702333,1.096540924936444,0.0009017538699123664,0.0005879459430126483,0.001489699811968961,0.001489699811968961,0.0,False,0.000587027946132046,0.0,9.17996880602282e-07,9.17996880602282e-07
25.0,29.935767697158106,-4.935768020709657,17.99997508803373,2026-08-25 11:45:00-07:00,True,False,False,False,True,0.9992227309644348,0.9992227310621049,9.891291090265232,800.0,1.236411386283154,8.2240569369064,1.0965409249208535,0.0009017538696840129,0.000587351488497584,0.001489105361379236,0.001489105361379236,0.0,False,0.0005870279428606326,0.0,3.2354563695140975e-07,3.2354563695140975e-07
35.0,30.0,0.0,17.999975133415493,2026-08-25 12:00:00-07:00,True,False,False,False,True,0.9988005672034557,0.9988005673011735,15.10560450604875,800.0,1.8882005632560939,12.559058845402403,1.674541179386987,0.002103015381553632,5.001358993649834,5.0034620090305895,5.0034620090305895,0.0,False,0.0013690786746726644,5.0000002186770764,4.999989914975162,-1.030370191479335e-05
35.0,29.935767697158106,0.0,17.99997516820773,2026-08-25 12:15:00-07:00,True,False,False,False,True,0.9987991382290047,0.9987991383267221,15.136656311847295,800.0,1.892082038980912,12.584873400964991,1.6779831201286657,0.0021116699146259636,5.065606981321793,5.067718651240471,5.067718651240471,0.0,False,0.0013747131301329318,5.06423247613217,5.0642322681916605,-2.0794050925587726e-07
35.0,29.74334584121431,0.0,17.99997519187854,2026-08-25 12:30:00-07:00,True,False,False,False,True,0.9987948644308784,0.9987948645285976,15.23156158904173,800.0,1.9039451986302165,12.663771823212166,1.688502909761622,0.002138231385665222,5.258046056586493,5.260184287970672,5.260184287970672,0.0,False,0.0013920057611167067,5.25665428392709,5.256654050825376,-2.3310171393120527e-07
35.0,29.423558412096913,0.0,17.9999752022691,2026-08-25 12:45:00-07:00,True,False,False,False,True,0.9987877609454759,0.9987877610431952,15.39571128054916,800.0,1.924463910068645,12.800235916457348,1.7066981221943132,0.002184564433685864,5.577863566914548,5.580048131349113,5.580048131349113,0.0,False,0.0014221705010145343,5.5764416541737605,5.576441396413533,-2.577602273845514e-07
35.0,28.97777478867205,0.0,17.999975219104027,2026-08-25 13:00:00-07:00,True,False,False,False,True,0.9987778569829642,0.9987778570806847,15.637499794570425,800.0,1.9546874743213032,13.001244467645133,1.7334992623526846,0.0022537164504883547,6.023692111953437,6.0259458284085206,6.0259458284085206,0.0,False,0.001467191347839389,6.022225306420102,6.0222249206055976,-3.8581450478858414e-07
35.0,28.40790388485317,0.0,17.999975228481567,2026-08-25 13:15:00-07:00,True,False,False,False,True,0.9987651932911288,0.9987651933888502,15.967573504917683,800.0,1.99594668811471,13.27564851757571,1.7700864690100948,0.0023498577987170395,6.593625487316936,6.595975345120678,6.595975345120678,0.0,False,0.0015297833707768405,6.592096176809933,6.59209570394616,-4.7286377302668825e-07
35.0,27.716385975338607,0.0,17.99997523477801,2026-08-25 13:30:00-07:00,True,False,False,False,True,0.9987498220091108,0.9987498221068363,16.397808079513965,800.0,2.0497260099392456,13.633321192093964,1.8177761589458619,0.0024781878936391876,7.285226797822803,7.287704985716837,7.287704985716837,0.0,False,0.0016133316096879752,7.283614072262473,7.283613466213115,-6.060493582538129e-07
35.0,26.906182245980652,0.0,17.999975231720704,2026-08-25 13:45:00-07:00,True,False,False,False,True,0.9987318064796532,0.9987318065773801,16.940146550739797,800.0,2.1175183188424747,14.084191748498874,1.8778922331331833,0.0026448173729500014,8.095538830380354,8.098183647750886,8.098183647750886,0.0,False,0.0017218143457339466,8.093817759417005,8.09381701603462,-7.433823849822829e-07
35.0,25.98076211353316,0.0,17.99997523747965,2026-08-25 14:00:00-07:00,True,False,False,False,True,0.9987112210199992,0.9987112211177306,17.605440678617228,800.0,2.2006800848271535,14.637282336134996,1.9516376448179995,0.002856628484533303,9.021096643457245,9.023953271944485,9.023953271944485,0.0,False,0.0018597121956918272,9.019237931587536,9.019236931261553,-1.0003259838242684e-06
35.0,24.94408836907635,0.0,17.999975233120118,2026-08-25 14:15:00-07:00,True,False,False,False,True,0.9986881506517538,0.9986881507494887,18.402453521688553,800.0,2.300306690211069,15.299878748647837,2.039983833153045,0.003121116205450107,10.057942320303278,10.061063436514983,10.061063436514983,0.0,False,0.0020319047216057697,10.055911630736698,10.055910415581671,-1.215155027267656e-06
35.0,23.800600208737055,0.0,17.999975232840207,2026-08-25 14:30:00-07:00,True,False,False,False,True,0.9986626907900175,0.9986626908877575,19.337154663153107,800.0,2.4171443328941384,16.07694445133637,2.143592593511516,0.0034462129576950246,11.20164182419311,11.205088037153823,11.205088037153823,0.0,False,0.002243556254075429,11.199399808855164,11.199398267939035,-1.540916128917047e-06
35.0,22.555194224369323,0.0,17.99997523069599,2026-08-25 14:45:00-07:00,True,False,False,False,True,0.998634946892261,0.9986349469900065,20.412374729926135,800.0,2.551546841240767,16.97083329634295,2.2627777728457263,0.00384010011792725,12.447303885154511,12.451143985274246,12.451143985274246,0.0,False,0.0024999932011087367,12.444805784974792,12.444803891953402,-1.8930213894208237e-06
35.0,21.213203435596427,0.0,17.999975238027705,2026-08-25 15:00:00-07:00,True,False,False,False,True,0.9986050340674446,0.9986050341651945,21.627806290950424,800.0,2.703475786368803,17.98129020643103,2.397505360857471,0.004311009734331492,13.789600839016215,13.793911848754245,13.793911848754245,0.0,False,0.0028065749772886194,13.786796616696408,13.786794264038926,-2.3526574821630675e-06
35.0,19.780374453002068,0.0,17.99997523899381,2026-08-25 15:15:00-07:00,True,False,False,False,True,0.9985730766460384,0.9985730767437951,22.980273885734086,800.0,2.8725342357167607,19.105675619420246,2.5474234159226996,0.0048670200808328444,15.22279133123655,15.227658351316016,15.227658351316016,0.0,False,0.0031685608781199335,15.219625570185244,15.21962277035843,-2.7998268130602355e-06
35.0,18.262842870261625,0.0,17.999975234724655,2026-08-25 15:30:00-07:00,True,False,False,False,True,0.9985392077117269,0.998539207809489,24.464165799938687,800.0,3.058020724992336,20.339324426045053,2.711909923472674,0.005515848794905651,16.7407447902804,16.746260639072556,16.746260639072556,0.0,False,0.003590975407895712,16.73715712991981,16.737153814872503,-3.3150473086607235e-06
35.0,16.667106990588074,0.0,17.99997522576652,2026-08-25 15:45:00-07:00,True,False,False,False,True,0.9985035685956999,0.9985035686934676,26.07192471689955,800.0,3.2589905896124436,21.675953876987695,2.8901271835983593,0.0062646474227203725,18.33696756761516,18.343232215042747,18.343232215042747,0.0,False,0.004078474498345713,18.332892990194107,18.332889093116815,-3.897077291981077e-06
35.0,14.999999999999998,0.0,17.999975238777893,2026-08-25 16:00:00-07:00,True,False,False,False,True,0.9984663083346174,0.9984663084323928,27.794520637829493,800.0,3.474315079728687,23.108056764971973,3.0810742353295963,0.0071198011719861825,20.00463063423019,20.011750435405258,20.011750435405258,0.0,False,0.004635215218027951,20.00000007797445,19.999995419012162,-4.658962286185897e-06
35.0,13.268660706570053,0.0,17.999975240216333,2026-08-25 16:15:00-07:00,True,False,False,False,True,0.9984275830934933,0.9984275831912756,29.62186179929987,800.0,3.702732724912484,24.627243069514776,3.2836324092686366,0.008086737626779722,21.736598717031708,21.744685454657812,21.744685454657812,0.0,False,0.005264731129801476,21.731339318747914,21.731333985901905,-5.332846008343495e-06
35.0,11.480502970952696,0.0,17.999975237151478,2026-08-25 16:30:00-07:00,True,False,False,False,True,0.998387555554917,0.9983875556527058,31.54312680236125,800.0,3.9428908502951563,26.224516102782548,3.496602147037673,0.009169748065951354,23.5254607521227,23.534630500183802,23.534630500183802,0.0,False,0.005969816046795131,23.519497034374684,23.519490936075904,-6.098298779733113e-06
35.0,9.643183959094852,0.0,17.999975231634348,2026-08-25 16:45:00-07:00,True,False,False,False,True,0.9983463942762582,0.9983463943740548,33.54701947222311,800.0,4.193377434027889,27.890484415212526,3.71873125536167,0.01037182475845293,25.363561526290813,25.373933351051484,25.373933351051484,0.0,False,0.006752418043588477,25.356816035812,25.356809108247223,-6.9275647760491665e-06
20.0,7.76457135307563,0.0,17.999975231713396,2026-08-25 17:00:00-07:00,True,False,False,False,True,0.9991065307759102,0.9991065308736029,16.721475431245146,800.0,2.0901844289056433,13.902204483447314,1.8536272644596417,0.00257693070808773,12.23713955024261,12.239716480950548,12.239716480950548,0.0,False,0.0016776481294632503,12.235428666084887,12.235461902113146,3.3236028258443184e-05
20.0,5.852709660483845,0.0,17.999975223374562,2026-08-25 17:15:00-07:00,True,False,False,False,True,0.9990639368766845,0.9990639369743838,18.781412478425747,800.0,2.3476765598032183,15.614759942831016,2.0819679923774688,0.0032509310271116192,14.149404528796682,14.152655459830886,14.152655459830886,0.0,False,0.0021164504133093943,14.147290322786914,14.147288078383372,-2.2444035412405583e-06
20.0,3.91578576660156,0.0,17.999975180290615,2026-08-25 17:30:00-07:00,True,False,False,False,True,0.9990207449004562,0.9990207449981637,20.920198301148396,800.0,2.6150247876435495,17.392873359753075,2.31904978130041,0.004033491477857751,16.086837433968235,16.09087092545372,16.09087092545372,0.0,False,0.0026259298618560934,16.084214082054004,16.084211504106378,-2.577947626036803e-06
20.0,1.9620938769042937,4.91240649188148,16.707236633577867,2026-08-25 17:45:00-07:00,True,False,False,False,True,0.9990867066353416,0.9990867067330382,17.67300026825878,800.0,2.2091250335323473,14.693266182484129,1.9591021576645506,0.002878544568352481,13.127376859232282,13.130255403801147,13.130255403801147,0.0,False,0.0018740113162139095,13.125499657094018,13.125502847916067,3.190822049248254e-06
20.0,0.0,0.0,16.707236620521844,2026-08-25 18:00:00-07:00,True,False,False,False,True,0.9989333120952472,0.9989333121929712,25.349392396606003,800.0,3.1686740495757504,21.07516588397605,2.8100221178634737,0.005922190875960041,20.003842411354213,20.009764602231872,20.009764602231872,0.0,False,0.0038555518554421724,19.999999964399084,19.999986859498772,-1.3104900311589063e-05
20.0,0.0,0.0,16.70723654106128,2026-08-25 18:15:00-07:00,True,False,False,False,True,0.9989333113902907,0.9989333114880148,25.3494090790738,800.0,3.1686761348842256,21.07517975337119,2.810023967116159,0.005922198670147736,20.003855556863712,20.009777755539943,20.009777755539943,0.0,False,0.003855556930410785,19.999999710043717,19.9999999999333,2.898895843372884e-07
20.0,0.0,4.99999996779481,15.39144707830455,2026-08-25 18:30:00-07:00,True,False,False,False,True,0.9990449261149649,0.9990449262126698,19.717558659178238,800.0,2.4646948323972797,16.393039251433922,2.1857385668578564,0.003583081797613886,15.00233914474467,15.00592222654597,15.00592222654597,0.0,False,0.0023326944005066254,15.000000049857324,15.000006450344165,6.40048684097394e-06
20.0,0.0,4.999999991219598,14.0756576081906,2026-08-25 18:45:00-07:00,True,False,False,False,True,0.9990449265257788,0.999044926623484,19.71755018394752,800.0,2.46469377299344,16.39303220532212,2.185737627376282,0.0035830787171344126,15.002332701200189,15.005915779920592,15.005915779920592,0.0,False,0.0023326923976856053,15.00000001836164,15.000000008802504,-9.559135705217159e-09
20.0,0.0,4.999999984429945,12.759868140382782,2026-08-25 19:00:00-07:00,True,False,False,False,True,0.9990449265256292,0.9990449266233339,19.717550191407508,800.0,2.4646937739259385,16.39303221152339,2.185737628203119,0.003583078720418598,15.002332707971128,15.00591578669056,15.00591578669056,0.0,False,0.0023326924008251807,15.000000028763816,15.000000015570302,-1.3193513836995407e-08
20.0,0.0,4.999999945846448,11.444078683812322,2026-08-25 19:15:00-07:00,True,False,False,False,True,0.9990449265247691,0.9990449266224735,19.717550233964197,800.0,2.4646937792455246,16.39303224690878,2.1857376329211706,0.0035830787353088455,15.00233274655901,15.005915825300036,15.005915825300036,0.0,False,0.002332692406755086,15.000000074417107,15.000000054152254,-2.026485290684832e-08
20.0,0.0,4.999999683608494,10.128289296982215,2026-08-25 19:30:00-07:00,True,False,False,False,True,0.9990449265189214,0.999044926616626,19.71755052325114,800.0,2.4646938154063927,16.393032487414793,2.185737664988639,0.0035830788404982742,15.002333008864039,15.005916087710682,15.005916087710682,0.0,False,0.002332692475177282,15.00000034113864,15.000000316388862,-2.4749777338683998e-08
20.0,0.0,0.0,10.128289269084387,2026-08-25 19:45:00-07:00,True,False,False,False,True,0.9989333119033944,0.9989333120011185,25.349396936716985,800.0,3.168674617089623,21.075169658501732,2.810022621133564,0.005922192994742545,20.003845988880897,20.0097681818749,20.0097681818749,0.0,False,0.0038555532366362968,19.999999906796152,19.99999043564426,-9.471151891204954e-06
20.0,0.0,0.0,10.128289255050582,2026-08-25 20:00:00-07:00,True,False,False,False,True,0.9989333113902895,0.9989333114880139,25.349409079096237,800.0,3.1686761348870296,21.075179753386173,2.8100239671181564,0.005922198668633427,20.003855556884513,20.00977775555528,20.00977775555528,0.0,False,0.003855556932591753,19.99999996054207,19.99999999995192,3.940985138228825e-08
20.0,0.0,0.0,10.128289244967595,2026-08-25 20:15:00-07:00,True,False,False,False,True,0.9989333113902876,0.9989333114880117,25.349409079153947,800.0,3.168676134894243,21.075179753432952,2.8100239671243936,0.005922198668983583,20.003855556927924,20.009777755599238,20.009777755599238,0.0,False,0.0038555569329309946,19.99999997622812,19.999999999994994,2.3766872914166015e-08
20.0,0.0,0.0,10.128289237599272,2026-08-25 20:30:00-07:00,True,False,False,False,True,0.9989333113902876,0.9989333114880117,25.349409079153947,800.0,3.168676134894243,21.075179753432952,2.8100239671243936,0.005922198668983583,20.003855556927924,20.009777755599238,20.009777755599238,0.0,False,0.0038555569329309946,19.99999998723248,19.999999999994994,1.2762512824338046e-08
20.0,0.0,0.0,10.128289237083491,2026-08-25 20:45:00-07:00,True,False,False,False,True,0.9989333113902876,0.9989333114880117,25.349409079153947,800.0,3.168676134894243,21.075179753432952,2.8100239671243936,0.005922198668983583,20.003855556927924,20.009777755599238,20.009777755599238,0.0,False,0.0038555569329309946,20.00000001649517,19.999999999994994,-1.6500177224543222e-08
20.0,0.0,0.0,10.128289230173223,2026-08-25 21:00:00-07:00,True,False,False,False,True,0.9989333113902876,0.9989333114880117,25.349409079153947,800.0,3.168676134894243,21.075179753432952,2.8100239671243936,0.005922198668983583,20.003855556927924,20.009777755599238,20.009777755599238,0.0,False,0.0038555569329309946,19.99999998911482,19.999999999994994,1.0880174983185498e-08
20.0,0.0,0.0,10.12828922493304,2026-08-25 21:15:00-07:00,True,False,False,False,True,0.9989333113902876,0.9989333114880117,25.349409079153947,800.0,3.168676134894243,21.075179753432952,2.8100239671243936,0.005922198668983583,20.003855556927924,20.009777755599238,20.009777755599238,0.0,False,0.0038555569329309946,19.99999999605548,19.999999999994994,3.9395153805799055e-09
20.0,0.0,0.0,10.12828922744318,2026-08-25 21:30:00-07:00,True,False,False,False,True,0.9989333113902876,0.9989333114880117,25.349409079153947,800.0,3.168676134894243,21.075179753432952,2.8100239671243936,0.005922198668983583,20.003855556927924,20.009777755599238,20.009777755599238,0.0,False,0.0038555569329309946,20.000000030170465,19.999999999994994,-3.017547101080709e-08
20.0,0.0,0.0,10.128289233375137,2026-08-25 21:45:00-07:00,True,False,False,False,True,0.9989333113902876,0.9989333114880117,25.349409079153947,800.0,3.168676134894243,21.075179753432952,2.8100239671243936,0.005922198668983583,20.003855556927924,20.009777755599238,20.009777755599238,0.0,False,0.0038555569329309946,20.00000004584246,19.999999999994994,-4.584746449154409e-08
20.0,0.0,0.0,10.128289233191094,2026-08-25 22:00:00-07:00,True,False,False,False,True,0.9989333113902876,0.9989333114880117,25.349409079153947,800.0,3.168676134894243,21.075179753432952,2.8100239671243936,0.005922198668983583,20.003855556927924,20.009777755599238,20.009777755599238,0.0,False,0.0038555569329309946,20.000000017976696,19.999999999994994,-1.7981701461167177e-08
20.0,0.0,0.0,10.128289232605695,2026-08-25 22:15:00-07:00,True,False,False,False,True,0.9989333113902876,0.9989333114880117,25.349409079153947,800.0,3.168676134894243,21.075179753432952,2.8100239671243936,0.005922198668983583,20.003855556927924,20.009777755599238,20.009777755599238,0.0,False,0.0038555569329309946,20.00000001618497,19.999999999994994,-1.6189975582392435e-08
20.0,0.0,0.0,10.12828924142392,2026-08-25 22:30:00-07:00,True,False,False,False,True,0.9989333113902876,0.9989333114880117,25.349409079153947,800.0,3.168676134894243,21.075179753432952,2.8100239671243936,0.005922198668983583,20.003855556927924,20.009777755599238,20.009777755599238,0.0,False,0.0038555569329309946,20.00000005901411,19.999999999994994,-5.901911492856016e-08
20.0,0.0,0.0,10.128289258735323,2026-08-25 22:45:00-07:00,True,False,False,False,True,0.9989333113902876,0.9989333114880117,25.349409079153947,800.0,3.168676134894243,21.075179753432952,2.8100239671243936,0.005922198668983583,20.003855556927924,20.009777755599238,20.009777755599238,0.0,False,0.0038555569329309946,20.00000009705907,19.999999999994994,-9.70640741115858e-08
20.0,0.0,0.0,10.12828925676872,2026-08-25 23:00:00-07:00,True,False,False,False,True,0.9989333113902876,0.9989333114880117,25.349409079153947,800.0,3.168676134894243,21.075179753432952,2.8100239671243936,0.005922198668983583,20.003855556927924,20.009777755599238,20.009777755599238,0.0,False,0.0038555569329309946,20.00000001008361,19.999999999994994,-1.0088616164694031e-08
20.0,0.0,0.0,10.12828926027818,2026-08-25 23:15:00-07:00,True,False,False,False,True,0.9989333113902876,0.9989333114880117,25.349409079153947,800.0,3.168676134894243,21.075179753432952,2.8100239671243936,0.005922198668983583,20.003855556927924,20.009777755599238,20.009777755599238,0.0,False,0.0038555569329309946,20.00000003474057,19.999999999994994,-3.474557530580569e-08
20.0,0.0,0.0,10.128289265498,2026-08-25 23:30:00-07:00,True,False,False,False,True,0.9989333113902876,0.9989333114880117,25.349409079153947,800.0,3.168676134894243,21.075179753432952,2.8100239671243936,0.005922198668983583,20.003855556927924,20.009777755599238,20.009777755599238,0.0,False,0.0038555569329309946,20.000000042579742,19.999999999994994,-4.2584748172203035e-08
20.0,0.0,0.0,10.128289288935449,2026-08-25 23:45:00-07:00,True,False,False,False,True,0.9989333113902876,0.9989333114880117,25.349409079153947,800.0,3.168676134894243,21.075179753432952,2.8100239671243936,0.005922198668983583,20.003855556927924,20.009777755599238,20.009777755599238,0.0,False,0.0038555569329309946,20.00000012395093,19.999999999994994,-1.239559352939068e-07
15.75,0.0,0.0,10.128289294077131,2026-08-26 00:00:00-07:00,True,False,False,False,True,0.9991604227713303,0.999160422869023,19.95813497964206,800.0,2.4947668724552576,16.593003741937004,2.212400498924934,0.003671034847951887,15.752401989903635,15.756073024744854,15.756073024744854,0.0,False,0.0023899642394644618,15.750000042221624,15.750012025664171,1.1983442547602863e-05
15.75,0.0,0.0,10.12828931792258,2026-08-26 00:15:00-07:00,True,False,False,False,True,0.9991604234153415,0.9991604235130344,19.958119721250238,800.0,2.4947649651562798,16.59299105647246,2.2123988075296612,0.0036710292353927796,15.75238996062163,15.756060989860327,15.756060989860327,0.0,False,0.0023899605828992206,15.750000125730292,15.75000000003873,-1.2569156204733645e-07
15.75,0.0,0.0,10.128289344320372,2026-08-26 00:30:00-07:00,True,False,False,False,True,0.9991604234153435,0.999160423513036,19.958119721209442,800.0,2.4947649651511803,16.59299105643547,2.212398807524729,0.0036710292348443546,15.752389960590426,15.756060989825068,15.756060989825068,0.0,False,0.002389960585344852,15.750000136834384,15.75000000000508,-1.3682930344316446e-07
15.75,0.0,0.0,10.128289419122943,2026-08-26 00:45:00-07:00,True,False,False,False,True,0.9991604234153435,0.999160423513036,19.958119721209442,800.0,2.4947649651511803,16.59299105643547,2.212398807524729,0.0036710292348443546,15.752389960590426,15.756060989825068,15.756060989825068,0.0,False,0.002389960585344852,15.750000343560156,15.75000000000508,-3.435550759434136e-07
15.75,0.0,0.0,10.128289434638912,2026-08-26 01:00:00-07:00,True,False,False,False,True,0.9991604234153435,0.999160423513036,19.958119721209442,800.0,2.4947649651511803,16.59299105643547,2.212398807524729,0.0036710292348443546,15.752389960590426,15.756060989825068,15.756060989825068,0.0,False,0.002389960585344852,15.750000089101936,15.75000000000508,-8.909685611513396e-08
15.75,0.0,0.0,10.128289416139545,2026-08-26 01:15:00-07:00,True,False,False,False,True,0.9991604234153435,0.999160423513036,19.958119721209442,800.0,2.4947649651511803,16.59299105643547,2.212398807524729,0.0036710292348443546,15.752389960590426,15.756060989825068,15.756060989825068,0.0,False,0.002389960585344852,15.749999943086117,15.75000000000508,5.691896376447403e-08
15.75,0.0,0.0,10.128289431833906,2026-08-26 01:30:00-07:00,True,False,False,False,True,0.9991604234153435,0.999160423513036,19.958119721209442,800.0,2.4947649651511803,16.59299105643547,2.212398807524729,0.0036710292348443546,15.752389960590426,15.756060989825068,15.756060989825068,0.0,False,0.002389960585344852,15.750000089894373,15.75000000000508,-8.988929245390409e-08
15.75,0.0,0.0,10.128289462090912,2026-08-26 01:45:00-07:00,True,False,False,False,True,0.9991604234153435,0.999160423513036,19.958119721209442,800.0,2.4947649651511803,16.59299105643547,2.212398807524729,0.0036710292348443546,15.752389960590426,15.756060989825068,15.756060989825068,0.0,False,0.002389960585344852,15.750000153548438,15.75000000000508,-1.5354335758388515e-07
15.75,0.0,0.0,10.1282894783233,2026-08-26 02:00:00-07:00,True,False,False,False,True,0.9991604234153435,0.999160423513036,19.958119721209442,800.0,2.4947649651511803,16.59299105643547,2.212398807524729,0.0036710292348443546,15.752389960590426,15.756060989825068,15.756060989825068,0.0,False,0.002389960585344852,15.75000009228186,15.75000000000508,-9.227677999490425e-08
15.75,0.0,0.0,10.128289499796464,2026-08-26 02:15:00-07:00,True,False,False,False,True,0.9991604234153435,0.999160423513036,19.958119721209442,800.0,2.4947649651511803,16.59299105643547,2.212398807524729,0.0036710292348443546,15.752389960590426,15.756060989825068,15.756060989825068,0.0,False,0.002389960585344852,15.75000011536616,15.75000000000508,-1.1536107891174652e-07
15.75,0.0,0.0,10.128289528296536,2026-08-26 02:30:00-07:00,True,False,False,False,True,0.9991604234153435,0.999160423513036,19.958119721209442,800.0,2.4947649651511803,16.59299105643547,2.212398807524729,0.0036710292348443546,15.752389960590426,15.756060989825068,15.756060989825068,0.0,False,0.002389960585344852,15.750000145949407,15.75000000000508,-1.4594432684589265e-07
15.75,0.0,0.0,10.128289564112611,2026-08-26 02:45:00-07:00,True,False,False,False,True,0.9991604234153435,0.999160423513036,19.958119721209442,800.0,2.4947649651511803,16.59299105643547,2.212398807524729,0.0036710292348443546,15.752389960590426,15.756060989825068,15.756060989825068,0.0,False,0.002389960585344852,15.75000017750031,15.75000000000508,-1.774952291810905e-07
15.75,0.0,0.0,10.128289592757293,2026-08-26 03:00:00-07:00,True,False,False,False,True,0.9991604234153435,0.999160423513036,19.958119721209442,800.0,2.4947649651511803,16.59299105643547,2.212398807524729,0.0036710292348443546,15.752389960590426,15.756060989825068,15.756060989825068,0.0,False,0.002389960585344852,15.750000146575454,15.75000000000508,-1.46570373615873e-07
15.75,0.0,0.0,10.128289621716734,2026-08-26 03:15:00-07:00,True,False,False,False,True,0.9991604234153435,0.999160423513036,19.958119721209442,800.0,2.4947649651511803,16.59299105643547,2.212398807524729,0.0036710292348443546,15.752389960590426,15.756060989825068,15.756060989825068,0.0,False,0.002389960585344852,15.750000147937785,15.75000000000508,-1.479327043085732e-07
15.75,0.0,0.0,10.12828963497306,2026-08-26 03:30:00-07:00,True,False,False,False,True,0.9991604234153435,0.999160423513036,19.958119721209442,800.0,2.4947649651511803,16.59299105643547,2.212398807524729,0.0036710292348443546,15.752389960590426,15.756060989825068,15.756060989825068,0.0,False,0.002389960585344852,15.750000079026734,15.75000000000508,-7.902165322093424e-08
15.75,0.0,0.0,10.12828965724024,2026-08-26 03:45:00-07:00,True,False,False,False,True,0.9991604234153435,0.999160423513036,19.958119721209442,800.0,2.4947649651511803,16.59299105643547,2.212398807524729,0.0036710292348443546,15.752389960590426,15.756060989825068,15.756060989825068,0.0,False,0.002389960585344852,15.750000118840187,15.75000000000508,-1.1883510708798894e-07
15.75,0.0,0.0,10.128289675331512,2026-08-26 04:00:00-07:00,True,False,False,False,True,0.9991604234153435,0.999160423513036,19.958119721209442,800.0,2.4947649651511803,16.59299105643547,2.212398807524729,0.0036710292348443546,15.752389960590426,15.756060989825068,15.756060989825068,0.0,False,0.002389960585344852,15.75000010050347,15.75000000000508,-1.0049839005432659e-07
15.75,0.0,0.0,10.128289689893972,2026-08-26 04:15:00-07:00,True,False,False,False,True,0.9991604234153435,0.999160423513036,19.958119721209442,800.0,2.4947649651511803,16.59299105643547,2.212398807524729,0.0036710292348443546,15.752389960590426,15.756060989825068,15.756060989825068,0.0,False,0.002389960585344852,15.75000008485911,15.75000000000508,-8.48540295805833e-08
15.75,0.0,0.0,10.12828970153244,2026-08-26 04:30:00-07:00,True,False,False,False,True,0.9991604234153435,0.999160423513036,19.958119721209442,800.0,2.4947649651511803,16.59299105643547,2.212398807524729,0.0036710292348443546,15.752389960590426,15.756060989825068,15.756060989825068,0.0,False,0.002389960585344852,15.75000007176718,15.75000000000508,-7.176210026216268e-08
15.75,0.0,0.0,10.1282897174878,2026-08-26 04:45:00-07:00,True,False,False,False,True,0.9991604234153435,0.999160423513036,19.958119721209442,800.0,2.4947649651511803,16.59299105643547,2.212398807524729,0.0036710292348443546,15.752389960590426,15.756060989825068,15.756060989825068,0.0,False,0.002389960585344852,15.75000009105295,15.75000000000508,-9.104786968805456e-08
15.75,0.0,0.0,10.128289745446502,2026-08-26 05:00:00-07:00,True,False,False,False,True,0.9991604234153435,0.999160423513036,19.958119721209442,800.0,2.4947649651511803,16.59299105643547,2.212398807524729,0.0036710292348443546,15.752389960590426,15.756060989825068,15.756060989825068,0.0,False,0.002389960585344852,15.750000143604478,15.75000000000508,-1.4359939726205084e-07
15.75,0.0,0.0,10.128289769100707,2026-08-26 05:15:00-07:00,True,False,False,False,True,0.9991604234153435,0.999160423513036,19.958119721209442,800.0,2.4947649651511803,16.59299105643547,2.212398807524729,0.0036710292348443546,15.752389960590426,15.756060989825068,15.756060989825068,0.0,False,0.002389960585344852,15.750000124896358,15.75000000000508,-1.2489127776404985e-07
15.75,0.0,0.0,10.128289783228624,2026-08-26 05:30:00-07:00,True,False,False,False,True,0.9991604234153435,0.999160423513036,19.958119721209442,800.0,2.4947649651511803,16.59299105643547,2.212398807524729,0.0036710292348443546,15.752389960590426,15.756060989825068,15.756060989825068,0.0,False,0.002389960585344852,15.750000082921344,15.75000000000508,-8.291626407697095e-08
15.75,0.0,0.0,10.128289789236812,2026-08-26 05:45:00-07:00,True,False,False,False,True,0.9991604234153435,0.999160423513036,19.958119721209442,800.0,2.4947649651511803,16.59299105643547,2.212398807524729,0.0036710292348443546,15.752389960590426,15.756060989825068,15.756060989825068,0.0,False,0.002389960585344852,15.750000046191545,15.75000000000508,-4.618646443077523e-08
26.25,0.0,0.0,10.128289795145731,2026-08-26 06:00:00-07:00,True,False,False,False,True,0.9985988883792624,0.9985988884770319,33.28214042013156,800.0,4.160267552516445,27.67024272757995,3.6893656970106603,0.010208657638895603,26.25656369147655,26.266772349117325,26.266772349117325,0.0,False,0.006646207443038293,26.250000045736876,26.249917484033514,-8.256170336196078e-05
26.25,1.471570407678219,0.0,10.128289793777766,2026-08-26 06:15:00-07:00,True,False,False,False,True,0.9986318577785549,0.9986318578763191,31.602171472249378,800.0,3.9502714340311726,26.27356821911678,3.5031424292155706,0.009204080180212258,24.78442627595133,24.79363035613563,24.79363035613563,0.0,False,0.005992185663981218,24.778429605036926,24.778434090287348,4.485250421737419e-06
26.25,2.93683932495116,0.0,10.128289791023333,2026-08-26 06:30:00-07:00,True,False,False,False,True,0.9986646691956471,0.9986646692934062,29.940103646753414,800.0,3.7425129558441768,24.89177682041024,3.3189035760546983,0.008261399164020076,23.318543244116753,23.32680464327818,23.32680464327818,0.0,False,0.005378461053388492,23.313160681700488,23.313164783063364,4.101362875985615e-06
26.25,4.3895322453628856,0.0,10.12828978895207,2026-08-26 06:45:00-07:00,True,False,False,False,True,0.998697177845394,0.998697177943147,28.3048098767141,800.0,3.5381012345892624,23.532245381763186,3.1376327175684247,0.007383597784284575,21.8652784516058,21.872662049386967,21.872662049386967,0.0,False,0.004806975787423653,21.860467764262715,21.860471475818375,3.7115556601463595e-06
26.25,5.823428514806716,0.0,10.128289786742757,2026-08-26 07:00:00-07:00,True,False,False,False,True,0.9987292452079085,0.9987292453056553,26.70510850277828,800.0,3.338138562847285,22.20230537573785,2.9603073834317133,0.006572594916345224,20.43085380769373,20.43742640260761,20.43742640260761,0.0,False,0.004278979132859604,20.426571494215743,20.42657482856087,3.334345127115057e-06
26.25,7.232387969321136,0.0,10.128289793093256,2026-08-26 07:15:00-07:00,True,False,False,False,True,0.998760734908668,0.9987607350064086,25.149833900671098,800.0,3.1437292375838872,20.90930160908901,2.787906881211868,0.005829336718546983,19.021410096862024,19.0272394335807,19.0272394335807,0.0,False,0.0037950870837521506,19.017612078437235,19.01761500977827,2.9313410365716663e-06
26.25,8.61037722821452,0.0,10.128289814349934,2026-08-26 07:30:00-07:00,True,False,False,False,True,0.9987915132862275,0.9987915133839637,23.64778272803749,800.0,2.9559728410046864,19.660547525423784,2.6214063367231715,0.005153836007296377,17.642980711937014,17.648134547942444,17.648134547942444,0.0,False,0.0033553079825151145,17.639622886203295,17.639625403954497,2.5177512021912207e-06
26.25,9.951495529927527,0.0,10.128289861317676,2026-08-26 07:45:00-07:00,True,False,False,False,True,0.9988214499442607,0.9988214500419899,22.20764013560293,800.0,2.775955016950366,18.46326384769753,2.461768513026337,0.0045452265880367125,16.301465853584688,16.30601108017265,16.30601108017265,0.0,False,0.002959077894399343,16.29850469532256,16.29850677569029,2.080367728751753e-06
26.25,11.249999999999998,0.0,10.12828987642208,2026-08-26 08:00:00-07:00,True,False,False,False,True,0.9988504182858935,0.9988504183836178,20.83787727617153,800.0,2.604734659521441,17.324493354671013,2.3099324472894684,0.004001831396799389,15.002607306710988,15.006609138108194,15.006609138108194,0.0,False,0.0026053049915944937,15.000000087271935,15.000002001719395,1.914447459228086e-06
26.25,12.50033024294105,0.0,10.128289889206258,2026-08-26 08:15:00-07:00,True,False,False,False,True,0.9988782960284645,0.9988782961261844,19.54660981398844,800.0,2.443326226748555,16.250983230817976,2.1667977641090634,0.003521243033437713,13.751963901066501,13.755485144105725,13.755485144105725,0.0,False,0.0022924219435408303,13.749669833971124,13.749671479122961,1.645151836981995e-06
26.25,13.697132152696213,0.0,10.128289907939624,2026-08-26 08:30:00-07:00,True,False,False,False,True,0.9989049656969546,0.9989049657946706,18.34140676609667,800.0,2.292675845762084,15.249026120835419,2.0332034827780556,0.0031004150967901298,12.554887760283101,12.557988175383624,12.557988175383624,0.0,False,0.0020184454210939295,12.552867950637928,12.552869314862008,1.3642240794808913e-06
26.25,14.835280839751547,0.0,10.128289925023356,2026-08-26 08:45:00-07:00,True,False,False,False,True,0.9989303150945057,0.9989303151922174,17.229041399201382,800.0,2.1536301749001727,14.324253010266817,1.9099004013689092,0.0027357625355084567,11.416501440158834,11.419237202701613,11.419237202701613,0.0,False,0.0017810414125192437,11.414719256300693,11.414720398746315,1.1424456225483937e-06
26.25,15.909902576697316,0.0,10.128289942337425,2026-08-26 09:00:00-07:00,True,False,False,False,True,0.9989542377485714,0.9989542378462782,16.215183042299667,800.0,2.0268978802874584,13.481376989356924,1.7975169319142565,0.0024232691082879685,10.341676053112142,10.3440993222259,10.3440993222259,0.0,False,0.001577595175114311,10.34009752037358,10.340098457937028,9.375634473229866e-07
26.25,16.91639566827699,0.0,10.128289972288544,2026-08-26 09:15:00-07:00,True,False,False,False,True,0.9989766333313611,0.998976633429065,15.304042402483432,800.0,1.9130053003104288,12.72389837022834,1.6965197826971121,0.0021585998954524255,9.33501047147082,9.337169071363647,9.337169071363647,0.0,False,0.0014052844993943836,9.33360448394954,9.333605186971425,7.030218860393234e-07
26.25,17.850450156552792,0.0,10.12829002885884,2026-08-26 09:30:00-07:00,True,False,False,False,True,0.9989974080533983,0.9989974081510963,14.498003577745985,800.0,1.8122504472182481,12.053798761309393,1.6071731681745856,0.0019372167710985195,8.400811697523793,8.40274891429533,8.40274891429533,0.0,False,0.0012611548579220652,8.399550109612486,8.399550542665871,4.3305338515153835e-07
26.25,18.708066276807266,0.0,10.128290100315768,2026-08-26 09:45:00-07:00,True,False,False,False,True,0.9990164750291017,0.9990164751267973,13.79730021008667,800.0,1.7246625262608335,11.471271859810175,1.5295029146413568,0.001754494688601426,7.543076483443847,7.544830978129378,7.544830978129378,0.0,False,0.0011421951741549493,7.541934052571382,7.541934288269692,2.3569830975844752e-07
26.25,19.485571585149867,0.0,10.128290174504818,2026-08-26 10:00:00-07:00,True,False,False,False,True,0.9990337546134644,0.999033754711157,13.199812914931762,800.0,1.6499766143664705,10.974555091502868,1.4632740122003824,0.001605836622867173,6.765474278545325,6.76708011517305,6.76708011517305,0.0,False,0.0010454125730311717,6.764428755810597,6.7644288659722935,1.101616966536767e-07
26.25,20.179636684485487,0.0,10.128290295298545,2026-08-26 10:15:00-07:00,True,False,False,False,True,0.999049174708958,0.9990491748066478,12.70106851040205,800.0,1.5876335638002563,10.559929033870844,1.4079905378494457,0.0014867850744835777,6.071331575994716,6.072818361070222,6.072818361070222,0.0,False,0.000967905062662794,6.070363853546341,6.0703636709320525,-1.8261428813559633e-07
26.25,20.78728948150395,-1.5560870404492218e-06,10.128290660629396,2026-08-26 10:30:00-07:00,True,False,False,False,True,0.9990626710654882,0.9990626711631752,12.294499239576448,800.0,1.536812404947056,10.221932988442216,1.362924398458962,0.0013931281204754668,5.463619000180591,5.465012128297624,5.465012128297624,0.0,False,0.0009069304822223785,5.462712087278813,5.462712069698369,-1.7580444655607153e-08
26.25,21.305927913639874,-1.2025318074072024e-06,10.128290941996635,2026-08-26 10:45:00-07:00,True,False,False,False,True,0.999074187429886,0.9990741875275726,11.971969936174345,800.0,1.496496242021793,9.953803295004903,1.3271737726673205,0.0013209977366057046,4.94493325147134,4.946254249210369,4.946254249210369,0.0,False,0.0008599705974393145,4.9440733016767755,4.944073280873901,-2.0802874090009027e-08
26.25,21.73333109150404,0.0,10.12829115027153,2026-08-26 11:00:00-07:00,True,False,False,False,True,0.9990836758854715,0.9990836759831543,11.724527972731416,800.0,1.465565996591427,9.748096829538712,1.299746243938495,0.0012669596475720936,4.517493854786861,4.518760814437252,4.518760814437252,0.0,False,0.0008247895500537652,4.5166698154964005,4.516669065236807,-7.502595931185851e-07
26.25,22.06766880907269,0.0,10.12829121261892,2026-08-26 11:15:00-07:00,True,False,False,False,True,0.9990910970169925,0.999091097114675,11.543270427308096,800.0,1.442908803413512,9.597411922298987,1.2796549229731982,0.001228091498318463,4.183130788279774,4.1843588797802465,4.1843588797802465,0.0,False,0.0007994847676773134,4.1823314816494905,4.182331303512097,-1.7813739372485315e-07
26.25,22.307509380910737,0.0,10.128291269005231,2026-08-26 11:30:00-07:00,True,False,False,False,True,0.9990964199584771,0.9990964200561604,11.420215574627926,800.0,1.4275269468284908,9.495112847687786,1.2660150463583713,0.0012020492158503657,3.9432732249171787,3.944475274136967,3.944475274136967,0.0,False,0.0007825301582429347,3.9424908844725226,3.9424906947589355,-1.897135870621014e-07
26.25,22.45182577286858,0.0,10.128291313062103,2026-08-26 11:45:00-07:00,True,False,False,False,True,0.9990996225952786,0.9990996226929608,11.349069986596998,800.0,1.4186337483246247,9.435967516722133,1.2581290022296177,0.0011871199035949757,3.798947081381894,3.800134201289385,3.800134201289385,0.0,False,0.0007728105500357287,3.798174439947897,3.7981742708318587,-1.6911603850644497e-07
36.75,22.5,0.0,10.12829133866338,2026-08-26 12:00:00-07:00,True,False,False,False,True,0.9985402037946051,0.9985402038923638,22.50212924704532,800.0,2.812766155880665,18.70818078404757,2.494424104539676,0.004666603936100728,14.252991719863193,14.257658323804101,14.257658323804101,0.0,False,0.0030380780212608443,14.250000133373408,14.249953641841932,-4.649153147617824e-05
36.75,22.45182577286858,0.0,10.128291344330464,2026-08-26 12:15:00-07:00,True,False,False,False,True,0.9985391246229398,0.9985391247206975,22.546523911916207,800.0,2.818315488989526,18.745088631250766,2.4993451508334354,0.0046850351966604645,14.301224214532585,14.30590924973309,14.30590924973309,0.0,False,0.003050077540699931,14.298174271760477,14.298174136991886,-1.347685909536267e-07
36.75,22.307509380910737,0.0,10.128291348822197,2026-08-26 12:30:00-07:00,True,False,False,False,True,0.9985359058587157,0.998535905956475,22.679669514503143,800.0,2.834958689312893,18.855780269211618,2.5141040358948823,0.0047405308984816655,14.445576554473075,14.450317085370326,14.450317085370326,0.0,False,0.003086207555895271,14.442490658330987,14.442490346917179,-3.1141380851806844e-07
36.75,22.06766880907269,0.0,10.128291348493692,2026-08-26 12:45:00-07:00,True,False,False,False,True,0.998530556097081,0.9985305561948414,22.902155817053842,800.0,2.8627694771317302,19.040746052351093,2.5387661403134794,0.004833993412905329,14.685477784873951,14.690311778288851,14.690311778288851,0.0,False,0.003147055540304791,14.682331208257947,14.682330729333646,-4.789243011060762e-07
36.75,21.73333109150404,0.0,10.128291349857614,2026-08-26 13:00:00-07:00,True,False,False,False,True,0.9985230975656962,0.9985230976634576,23.214751339822197,800.0,2.9018439174777746,19.30062497656193,2.5734166635415905,0.004966850705602156,15.019901798046833,15.024868648755755,15.024868648755755,0.0,False,0.0032335511785950076,15.016668933448878,15.016668246868239,-6.865806394529272e-07
36.75,21.305927913639877,0.0,10.128291353222863,2026-08-26 13:15:00-07:00,True,False,False,False,True,0.9985135612662315,0.9985135613639943,23.618350123146797,800.0,2.9522937653933496,19.636160416392734,2.618154722185698,0.0051410495387845005,15.44741817246485,15.452559222005583,15.452559222005583,0.0,False,0.0033469618726667248,15.444072120440046,15.444071210592183,-9.098478628288831e-07
36.75,20.78728948150395,0.0,10.1282913533415,2026-08-26 13:30:00-07:00,True,False,False,False,True,0.9985019868575168,0.9985019869552819,24.113814744310474,800.0,3.0142268430388093,20.048069610140786,2.673075948018772,0.005359004244335665,15.966198270566984,15.971557274810442,15.971557274810442,0.0,False,0.003488859465567657,15.962710537828707,15.962709411101416,-1.126727291023144e-06
36.75,20.179636684485487,0.0,10.12829135328437,2026-08-26 13:45:00-07:00,True,False,False,False,True,0.9984884225057598,0.9984884226035269,24.701805911218706,800.0,3.0877257389023383,20.536901984041975,2.7382535978722635,0.0056235325128209295,16.574023034209553,16.57964656672273,16.57964656672273,0.0,False,0.0036610783907135556,16.570363334059053,16.57036195581884,-1.378240213512072e-06
36.75,19.48557158514987,0.0,10.128291356663544,2026-08-26 14:00:00-07:00,True,False,False,False,True,0.9984729247020777,0.9984729247998483,25.382615684214663,800.0,3.1728269605268333,21.102900491539632,2.8137200655386176,0.005937779349253105,17.268292445429086,17.274230224774602,17.274230224774602,0.0,False,0.00386566617428889,17.264428448993716,17.264426779254798,-1.6697389177977584e-06
36.75,18.708066276807266,0.0,10.12829136032703,2026-08-26 14:15:00-07:00,True,False,False,False,True,0.998455558047733,0.9984555581455068,26.156019318720656,800.0,3.2695024148400824,21.74587843265446,2.8994504576872613,0.006305130660999567,18.04603661263572,18.052341743300573,18.052341743300573,0.0,False,0.0041048271763675075,18.04193375863833,18.041931785459354,-1.9731789748789197e-06
36.75,17.850450156552792,0.0,10.128291361103388,2026-08-26 14:30:00-07:00,True,False,False,False,True,0.9984363950075319,0.9984363951053105,27.021156891908376,800.0,3.377644611488547,22.465121034712062,2.9953494712949413,0.006729118028038101,18.90392843571289,18.91065755374928,18.91065755374928,0.0,False,0.004380860613833647,18.899549865740756,18.899547575099056,-2.290641699431717e-06
36.75,16.91639566827699,0.0,10.12829135457298,2026-08-26 14:45:00-07:00,True,False,False,False,True,0.9984155156319273,0.9984155157297082,27.97645110218522,800.0,3.4970563877731524,23.259317106576137,3.1012422808768183,0.007213316505512012,19.83829779647133,19.845511112981676,19.845511112981676,0.0,False,0.004696093995506089,19.83360432240503,19.833601702475825,-2.61992920513876e-06
36.75,15.90990257669732,0.0,10.128291361657697,2026-08-26 15:00:00-07:00,True,False,False,False,True,0.998393007248469,0.9983930073462539,29.019562822953006,800.0,3.6274453528691257,24.126522081808297,3.216869610907773,0.007761237296254876,20.8451472148485,20.852908452141495,20.852908452141495,0.0,False,0.005052813258019342,20.84009747441747,20.84009440159048,-3.072826988415045e-06
36.75,14.835280839751553,0.0,10.12829137076506,2026-08-26 15:15:00-07:00,True,False,False,False,True,0.9983689641233444,0.9983689642211341,30.14738192909966,800.0,3.7684227411374573,25.06415038813013,3.3418867184173506,0.008376217397431902,21.92016890472769,21.9285451221319,21.9285451221319,0.0,False,0.00545319092434238,21.914719220575137,21.914715713803346,-3.5067717902848017e-06
36.75,13.69713215269622,0.0,10.12829136926149,2026-08-26 15:30:00-07:00,True,False,False,False,True,0.9983434870938623,0.9983434871916559,31.3560480758012,800.0,3.91950600947515,26.068992719939413,3.475865695991922,0.009061308246432418,23.058763157476,23.0678244657222,23.0678244657222,0.0,False,0.005899213603497628,23.052867859420655,23.052863943872502,-3.9155481523778235e-06
36.75,12.500330242941056,0.0,10.128291367757916,2026-08-26 15:45:00-07:00,True,False,False,False,True,0.998316683172808,0.9983166832706075,32.640994633163366,800.0,4.080124329145421,27.137252563879386,3.618300341850585,0.00981916555397038,24.256057975390117,24.26587714094551,24.26587714094551,0.0,False,0.006392610285033697,24.24966976917578,24.249665365105084,-4.404070697461293e-06
36.75,11.249999999999998,0.0,10.128291374763013,2026-08-26 16:00:00-07:00,True,False,False,False,True,0.9982886651257997,0.9982886652236032,33.99700871632189,800.0,4.249626089540237,28.264596107105216,3.7686128142806954,0.01065194241062818,25.506929872256645,25.51758181466716,25.51758181466716,0.0,False,0.006934782713307868,25.5000000507509,25.499995089543336,-4.961207562104164e-06
36.75,9.951495529927538,0.0,10.12829137567262,2026-08-26 16:15:00-07:00,True,False,False,False,True,0.9982595510228014,0.9982595511206094,35.4183008766561,800.0,4.427287609582012,29.446210178795365,3.9261613571727154,0.011561187778879685,26.806025752878412,26.817586940662267,26.817586940662267,0.0,False,0.007526739318951513,26.798504492967805,26.79849901355946,-5.4794083439446695e-06
36.75,8.610377228214523,0.0,10.128291375053267,2026-08-26 16:30:00-07:00,True,False,False,False,True,0.9982294637651536,0.9982294638629684,36.89857916163209,800.0,4.6123223952040115,30.676863824285807,4.090248509904774,0.012547752363499967,28.147785778948034,28.160333531311522,28.160333531311522,0.0,False,0.008169033963282345,28.139622787818624,28.139616744984753,-6.042833870623099e-06
36.75,7.232387969321139,0.0,10.128291371431509,2026-08-26 16:45:00-07:00,True,False,False,False,True,0.9981985305895846,0.9981985306874045,38.43112357939741,800.0,4.803890447424676,31.95097021644426,4.260129362192568,0.013611703776658032,29.52646712430505,29.540078828078087,29.540078828078087,0.0,False,0.008861710658318771,29.517612033593423,29.51760541364673,-6.619946692154599e-06
21.0,5.823428514806722,0.0,10.12829138013649,2026-08-26 17:00:00-07:00,True,False,False,False,True,0.9990098697750054,0.9990098698727142,20.07378029777936,800.0,2.50922253722242,16.689199717720836,2.2252266290294447,0.0037137176100641225,15.179038053517228,15.182751771127712,15.182751771127712,0.0,False,0.002417741703905449,15.176571543691976,15.176620311813323,4.8768121347464444e-05
21.0,4.389532245362884,0.0,10.128291384870264,2026-08-26 17:15:00-07:00,True,False,False,False,True,0.9989778861451203,0.998977886242834,21.65772489376916,800.0,2.707215611721145,18.006037637766337,2.4008050183688447,0.004322898832097962,16.61327991992841,16.617602818761192,16.617602818761192,0.0,False,0.002814344059882387,16.610467794988043,16.610465575868528,-2.2191195157006405e-06
21.0,2.93683932495117,0.0,10.128291385141877,2026-08-26 17:30:00-07:00,True,False,False,False,True,0.9989454589911225,0.9989454590888435,23.28336042854523,800.0,2.9104200535681537,19.357538227077065,2.5810050969436085,0.004996199757973045,18.06641088615152,18.071407085909037,18.071407085909037,0.0,False,0.0032526910075184787,18.06316069506825,18.063158195144002,-2.4999242498324747e-06
21.0,1.47157040767822,0.0,10.128291383995736,2026-08-26 17:45:00-07:00,True,False,False,False,True,0.9989127298070027,0.9989127299047286,24.940209086269146,800.0,3.1175261357836432,20.734990174993104,2.764665356665747,0.005732550393372548,19.532158886472473,19.53789143686385,19.53789143686385,0.0,False,0.0037320859439178094,19.52842960601663,19.528426800528557,-2.805488072965545e-06
21.0,0.0,0.0,10.128291388071805,2026-08-26 18:00:00-07:00,True,False,False,False,True,0.998879838324952,0.998879838422683,26.61830102573861,800.0,3.3272876282173263,22.130104521857913,2.9506806029143884,0.00652991798718358,21.004248095132255,21.010778013118497,21.010778013118497,0.0,False,0.00425120546684866,21.00000003733579,20.999996889665407,-3.147670383896184e-06
21.0,0.0,0.0,10.128291387591029,2026-08-26 18:15:00-07:00,True,False,False,False,True,0.998879838158021,0.9988798382557516,26.61830497496184,800.0,3.32728812187023,22.13010780516319,2.950681040688425,0.0065299199255086935,21.0042512067067,21.010781126637934,21.010781126637934,0.0,False,0.00425120672891444,21.000000016650624,20.99999999997779,-1.6672835556619248e-08
21.0,0.0,0.0,10.12829138523818,2026-08-26 18:30:00-07:00,True,False,False,False,True,0.9988798381580202,0.998879838255751,26.61830497499455,800.0,3.327288121874319,22.13010780517899,2.950681040690532,0.00652991992580155,21.004251206727695,21.01078112665286,21.01078112665286,0.0,False,0.004251206731365528,21.00000000839599,20.99999999999633,-8.399659634505952e-09
21.0,0.0,4.999999982553448,8.812501918032183,2026-08-26 18:45:00-07:00,True,False,False,False,True,0.9989915062026106,0.9989915063003216,20.98058717768276,800.0,2.622573397210345,17.443087964269147,2.325745061902553,0.0040568143905311445,16.00264836366823,16.006705178057892,16.006705178057892,0.0,False,0.0026411120038019363,16.0000000313712,16.000007251664428,7.220293227305774e-06
21.0,0.0,0.0,8.812501904070029,2026-08-26 19:00:00-07:00,True,False,False,False,True,0.9988798387244339,0.9988798388221647,26.618291574835624,800.0,3.327286446854453,22.130096664621526,2.9506795552828704,0.006529913352152107,21.00424064884668,21.010770562198196,21.010770562198196,0.0,False,0.004251202450579513,20.99999996082361,20.9999894463961,-1.0514427511765234e-05
21.0,0.0,0.0,8.812501897723987,2026-08-26 19:15:00-07:00,True,False,False,False,True,0.9988798381580231,0.9988798382557537,26.618304974924147,800.0,3.327288121865518,22.130107805123743,2.9506810406831656,0.006529919925857029,21.004251206671647,21.01078112660076,21.01078112660076,0.0,False,0.004251206724728036,20.99999999144497,20.99999999994692,8.501949366745976e-09
21.0,0.0,0.0,8.812501687452741,2026-08-26 19:30:00-07:00,True,False,False,False,True,0.9988798381580202,0.998879838255751,26.61830497499455,800.0,3.327288121874319,22.13010780517899,2.950681040690532,0.00652991992580155,21.004251206727695,21.01078112665286,21.01078112665286,0.0,False,0.004251206731365528,20.999999212672616,20.99999999999633,7.87323713780097e-07
21.0,0.0,0.0,8.81250168585043,2026-08-26 19:45:00-07:00,True,False,False,False,True,0.9988798381580202,0.998879838255751,26.61830497499455,800.0,3.327288121874319,22.13010780517899,2.950681040690532,0.00652991992580155,21.004251206727695,21.01078112665286,21.01078112665286,0.0,False,0.004251206731365528,21.000000011682204,20.99999999999633,-1.168587360211859e-08
21.0,0.0,0.0,8.812501684862179,2026-08-26 20:00:00-07:00,True,False,False,False,True,0.9988798381580202,0.998879838255751,26.61830497499455,800.0,3.327288121874319,22.13010780517899,2.950681040690532,0.00652991992580155,21.004251206727695,21.01078112665286,21.01078112665286,0.0,False,0.004251206731365528,21.000000014394324,20.99999999999633,-1.439799390823282e-08
21.0,0.0,0.0,8.812501691043968,2026-08-26 20:15:00-07:00,True,False,False,False,True,0.9988798381580202,0.998879838255751,26.61830497499455,800.0,3.327288121874319,22.13010780517899,2.950681040690532,0.00652991992580155,21.004251206727695,21.01078112665286,21.01078112665286,0.0,False,0.004251206731365528,21.00000004698585,20.99999999999633,-4.6989519830731297e-08
21.0,0.0,0.0,8.812501698554957,2026-08-26 20:30:00-07:00,True,False,False,False,True,0.9988798381580202,0.998879838255751,26.61830497499455,800.0,3.327288121874319,22.13010780517899,2.950681040690532,0.00652991992580155,21.004251206727695,21.01078112665286,21.01078112665286,0.0,False,0.004251206731365528,21.000000053061022,20.99999999999633,-5.306469219590326e-08
21.0,0.0,0.0,8.812501699180332,2026-08-26 20:45:00-07:00,True,False,False,False,True,0.9988798381580202,0.998879838255751,26.61830497499455,800.0,3.327288121874319,22.13010780517899,2.950681040690532,0.00652991992580155,21.004251206727695,21.01078112665286,21.01078112665286,0.0,False,0.004251206731365528,21.000000021612394,20.99999999999633,-2.161606360573387e-08
21.0,0.0,0.0,8.812501694067343,2026-08-26 21:00:00-07:00,True,False,False,False,True,0.9988798381580202,0.998879838255751,26.61830497499455,800.0,3.327288121874319,22.13010780517899,2.950681040690532,0.00652991992580155,21.004251206727695,21.01078112665286,21.01078112665286,0.0,False,0.004251206731365528,20.999999996589327,20.99999999999633,3.407002679978177e-09
21.0,0.0,0.0,8.812501653660481,2026-08-26 21:15:00-07:00,True,False,False,False,True,0.9988798381580202,0.998879838255751,26.61830497499455,800.0,3.327288121874319,22.13010780517899,2.950681040690532,0.00652991992580155,21.004251206727695,21.01078112665286,21.01078112665286,0.0,False,0.004251206731365528,20.999999858882767,20.99999999999633,1.4111356350099413e-07
21.0,0.0,0.0,8.812501645473736,2026-08-26 21:30:00-07:00,True,False,False,False,True,0.9988798381580202,0.998879838255751,26.61830497499455,800.0,3.327288121874319,22.13010780517899,2.950681040690532,0.00652991992580155,21.004251206727695,21.01078112665286,21.01078112665286,0.0,False,0.004251206731365528,20.99999998388912,20.99999999999633,1.61072115645311e-08
21.0,0.0,0.0,8.81250164110225,2026-08-26 21:45:00-07:00,True,False,False,False,True,0.9988798381580202,0.998879838255751,26.61830497499455,800.0,3.327288121874319,22.13010780517899,2.950681040690532,0.00652991992580155,21.004251206727695,21.01078112665286,21.01078112665286,0.0,False,0.004251206731365528,20.999999999719662,20.99999999999633,2.76667577736589e-10
21.0,0.0,0.0,8.812501639145545,2026-08-26 22:00:00-07:00,True,False,False,False,True,0.9988798381580202,0.998879838255751,26.61830497499455,800.0,3.327288121874319,22.13010780517899,2.950681040690532,0.00652991992580155,21.004251206727695,21.01078112665286,21.01078112665286,0.0,False,0.004251206731365528,21.000000010126943,20.99999999999633,-1.0130612793091132e-08
21.0,0.0,0.0,8.812501641926493,2026-08-26 22:15:00-07:00,True,False,False,False,True,0.9988798381580202,0.998879838255751,26.61830497499455,800.0,3.327288121874319,22.13010780517899,2.950681040690532,0.00652991992580155,21.004251206727695,21.01078112665286,21.01078112665286,0.0,False,0.004251206731365528,21.00000003140748,20.99999999999633,-3.1411151013571725e-08
21.0,0.0,0.0,8.812501653309852,2026-08-26 22:30:00-07:00,True,False,False,False,True,0.9988798381580202,0.998879838255751,26.61830497499455,800.0,3.327288121874319,22.13010780517899,2.950681040690532,0.00652991992580155,21.004251206727695,21.01078112665286,21.01078112665286,0.0,False,0.004251206731365528,21.00000007061889,20.99999999999633,-7.062255846790322e-08
21.0,0.0,0.0,8.812501678130165,2026-08-26 22:45:00-07:00,True,False,False,False,True,0.9988798381580202,0.998879838255751,26.61830497499455,800.0,3.327288121874319,22.13010780517899,2.950681040690532,0.00652991992580155,21.004251206727695,21.01078112665286,21.01078112665286,0.0,False,0.004251206731365528,21.00000012997694,20.99999999999633,-1.299806093868483e-07
21.0,0.0,0.0,8.812501692890633,2026-08-26 23:00:00-07:00,True,False,False,False,True,0.9988798381580202,0.998879838255751,26.61830497499455,800.0,3.327288121874319,22.13010780517899,2.950681040690532,0.00652991992580155,21.004251206727695,21.01078112665286,21.01078112665286,0.0,False,0.004251206731365528,21.00000008574147,20.99999999999633,-8.574513898906844e-08
21.0,0.0,0.0,8.812501772343523,2026-08-26 23:15:00-07:00,True,False,False,False,True,0.9988798381580202,0.998879838255751,26.61830497499455,800.0,3.327288121874319,22.13010780517899,2.950681040690532,0.00652991992580155,21.004251206727695,21.01078112665286,21.01078112665286,0.0,False,0.004251206731365528,21.000000363261353,20.99999999999633,-3.632650233953427e-07
21.0,0.0,0.0,8.812501816749123,2026-08-26 23:30:00-07:00,True,False,False,False,True,0.9988798381580202,0.998879838255751,26.61830497499455,800.0,3.327288121874319,22.13010780517899,2.950681040690532,0.00652991992580155,21.004251206727695,21.01078112665286,21.01078112665286,0.0,False,0.004251206731365528,21.00000021430691,20.99999999999633,-2.1431058172538542e-07
21.0,0.0,-4.999992368170841,10.000000000000002,2026-08-26 23:45:00-07:00,True,False,False,False,True,0.9987679211987748,0.9987679212965263,32.39628031783434,800.0,4.049535039729292,26.93374660209575,3.591166213612766,0.009672436055063372,26.006275048804756,26.015947484862924,26.015947484862924,0.0,False,0.0062971156419389445,25.99999238166134,25.999977933162818,-1.4448498522057207e-05
